Timestamp,House
3/22/2022 11:52:30,Gryffindor
3/24/2022 9:26:53,Hufflepuff
3/24/2022 9:34:30,Ravenclaw
3/24/2022 9:51:59,Hufflepuff
3/24/2022 9:52:00,Gryffindor
3/24/2022 9:52:06,Slytherin
3/24/2022 9:52:07,Slytherin
3/24/2022 9:52:08,Ravenclaw
3/24/2022 9:52:09,Gryffindor
3/24/2022 9:52:12,Hufflepuff
3/24/2022 9:52:14,Slytherin
3/24/2022 9:52:29,Gryffindor
3/24/2022 9:52:34,Hufflepuff
3/24/2022 9:52:35,Ravenclaw
3/24/2022 9:52:36,Ravenclaw
3/24/2022 9:52:40,Gryffindor
3/24/2022 9:52:41,Ravenclaw
3/24/2022 9:52:46,Slytherin
3/24/2022 9:52:49,Slytherin
3/24/2022 9:52:52,Slytherin
3/24/2022 9:52:58,Slytherin
3/24/2022 9:53:06,Hufflepuff
3/24/2022 9:53:10,Gryffindor
3/24/2022 9:53:10,Ravenclaw
3/24/2022 9:53:14,Ravenclaw
3/24/2022 9:53:15,Ravenclaw
3/24/2022 9:53:18,Ravenclaw
3/24/2022 9:53:19,Ravenclaw
3/24/2022 9:53:19,Slytherin